<?xml version="1.0"?>
<!DOCTYPE hibernate-mapping PUBLIC "-//Hibernate/Hibernate Mapping DTD 3.0//EN"
"http://hibernate.sourceforge.net/hibernate-mapping-3.0.dtd">
<!-- Generated 24-ene-2019 15:39:29 by Hibernate Tools 3.5.0.Final -->
<hibernate-mapping>
    <class name="Actuacion" table="ACTUACION">
        <id name="hora" type="int">
            <column name="HORA" />
            <generator class="assigned" />
        </id>
        <property name="Escenario" type="java.lang.String">
            <column name="ESCENARIO" />
        </property>
    </class>
</hibernate-mapping>
