<?xml version="1.0"?>
<!DOCTYPE hibernate-mapping PUBLIC "-//Hibernate/Hibernate Mapping DTD 3.0//EN"
"http://hibernate.sourceforge.net/hibernate-mapping-3.0.dtd">
<!-- Generated 24-ene-2019 15:39:10 by Hibernate Tools 3.5.0.Final -->
<hibernate-mapping>
    <class name="Festival" table="FESTIVAL">
        <id name="nombre" type="java.lang.String">
            <column name="NOMBRE" />
            <generator class="assigned" />
        </id>
        <property name="lugar" type="java.lang.String">
            <column name="LOCALIZACION" />
        </property>
        <property name="fecha" type="java.util.Date">
            <column name="FECHA" />
        </property>
    </class>
</hibernate-mapping>
