<?xml version="1.0"?>
<!DOCTYPE hibernate-mapping PUBLIC "-//Hibernate/Hibernate Mapping DTD 3.0//EN"
"http://hibernate.sourceforge.net/hibernate-mapping-3.0.dtd">
<!-- Generated 24-ene-2019 15:39:51 by Hibernate Tools 3.5.0.Final -->
<hibernate-mapping>
    <class name="Grupo" table="GRUPO">
        <id name="nombre" type="java.lang.String">
            <column name="NOMBRE" />
            <generator class="assigned" />
        </id>
        <property name="estilo" type="java.lang.String">
            <column name="ESTILO" />
        </property>
        <property name="numero_miembros" type="int">
            <column name="NUMERO_MIEMBROS" />
        </property>
    </class>
</hibernate-mapping>
