<?xml version="1.0" encoding="UTF-8"?>
<!DOCTYPE hibernate-configuration PUBLIC "-//Hibernate/Hibernate Configuration DTD 3.0//EN"
                                         "http://www.hibernate.org/dtd/hibernate-configuration-3.0.dtd">
<hibernate-configuration>
 <session-factory name="">
  <property name="hibernate.connection.url">jdbc:mysql://localhost:3306/examen_febrero</property>
  <property name="hibernate.connection.username">root</property>
  <property name="hibernate.default_schema">examen_febrero</property>
  <property name="hibernate.dialect">org.hibernate.dialect.MySQL5Dialect</property>
  <property name="hibernate.show_sql">true</property>
  <property name="hibernate.connection.driver_class">com.mysql.jdbc.Driver</property>
  <property name="hibernate.hbm2ddl.auto">create</property>
  <property name="hibernate.use_sql_comments">false</property>
  <mapping resource="Actuacion.hbm.xml"/>
  <mapping resource="Festival.hbm.xml"/>
  <mapping resource="Grupo.hbm.xml"/>
 </session-factory>
</hibernate-configuration>
